URL,Response Code,News Error,Detected,Category
http://www.codepwn.com/assembling-from-scratch-encoding-blx-instruction-in-arm-thumb/,404,,11/18/13,Not found
http://www.codepwn.com/about-me/,404,,10/31/13,Not found
http://www.codepwn.com/vlc-media-player-smb-uri-handling-remote-buffer-overflow-vulnerability-exploit/,404,,11/22/13,Not found
http://www.codepwn.com/httpdx-1-4-get-request-remote-buffer-overflow-exploit-0day/,404,,11/18/13,Not found
http://www.codepwn.com/formatshield/,404,,11/22/13,Not found
http://www.codepwn.com/exploiting-file-uploads-for-fun-and-profit/,404,,11/18/13,Not found
http://www.codepwn.com/hello-world-2/,404,,11/29/13,Not found
http://www.codepwn.com/category/ios/,404,,11/18/13,Not found
http://www.codepwn.com/dirty-harry-hacking-for-free-drinks-in-singapore/,404,,11/18/13,Not found
http://www.codepwn.com/?p=27,404,,7/7/13,Not found
http://www.codepwn.com/category/web-application-security/,404,,11/21/13,Not found
http://www.codepwn.com/category/archive/,404,,11/18/13,Not found
http://www.codepwn.com/tag/appy-hour/,404,,11/18/13,Not found
http://www.codepwn.com/tag/binary-rewriting/,404,,11/18/13,Not found
http://www.codepwn.com/category/arm/,404,,11/18/13,Not found
http://www.codepwn.com/tag/memory-corruption-attacks/,404,,11/18/13,Not found
http://www.codepwn.com/tag/htaccess/,404,,11/18/13,Not found
http://www.codepwn.com/wp-trackback.php?p=6,404,,10/29/13,Not found
http://www.codepwn.com/tag/cve-2009-2484/,404,,11/19/13,Not found
http://www.codepwn.com/tag/cve-2009-3711/,404,,11/18/13,Not found
http://www.codepwn.com/tag/ads/,404,,11/30/13,Not found
http://www.codepwn.com/about/,404,,11/30/13,Not found
http://www.codepwn.com/wp-content/uploads/2009/06/formatshield-acisp08.pdf,404,,11/24/13,Not found
http://www.codepwn.com/tag/ios/,404,,11/18/13,Not found
http://www.codepwn.com/page/3/,404,,11/15/13,Not found
http://www.codepwn.com/tag/cve-2009-3050/,404,,11/15/13,Not found
http://www.codepwn.com/page5/,404,,11/24/13,Not found
http://www.codepwn.com/page3/,404,,11/24/13,Not found
http://www.codepwn.com/page4/,404,,11/21/13,Not found
http://www.codepwn.com/tag/pankaj-kohli/,404,,11/22/13,Not found
http://www.codepwn.com/page2/,404,,11/24/13,Not found
http://www.codepwn.com/page/2/,404,,11/14/13,Not found
http://www.codepwn.com/comments/feed/,404,,10/29/13,Not found
http://www.codepwn.com/?feed=comments-rss2,404,,10/21/13,Not found
http://www.codepwn.com/?p=1,404,,11/8/13,Not found
http://www.codepwn.com/dirty-harry-hacking-for-free-drinks-in-singapore/,404,,11/30/13,
http://www.codepwn.com/assembling-from-scratch-encoding-blx-instruction-in-arm-thumb/,404,,11/16/13,
http://www.codepwn.com/category/web-application-security/,404,,11/19/13,
http://www.codepwn.com/hello-world-2/,404,,11/18/13,
http://www.codepwn.com/exploiting-file-uploads-for-fun-and-profit/,404,,11/17/13,
http://www.codepwn.com/category/ios/,404,,11/16/13,
http://www.codepwn.com/tag/binary-rewriting/,404,,11/17/13,
http://www.codepwn.com/tag/ads/,404,,11/18/13,
http://www.codepwn.com/about/,404,,11/17/13,
http://www.codepwn.com/tag/cve-2009-3050/,404,,11/16/13,
http://www.codepwn.com/tag/pankaj-kohli/,404,,11/17/13,
http://www.codepwn.com/page/2/,404,,11/13/13,
http://www.codepwn.com/?feed=comments-rss2,404,,11/4/13,
